-- --------------------------------------------------------
-- Hôte:                         127.0.0.1
-- Version du serveur:           8.0.30 - MySQL Community Server - GPL
-- SE du serveur:                Win64
-- HeidiSQL Version:             12.1.0.6537
-- --------------------------------------------------------

/*!40101 SET @OLD_CHARACTER_SET_CLIENT=@@CHARACTER_SET_CLIENT */;
/*!40101 SET NAMES utf8 */;
/*!50503 SET NAMES utf8mb4 */;
/*!40103 SET @OLD_TIME_ZONE=@@TIME_ZONE */;
/*!40103 SET TIME_ZONE='+00:00' */;
/*!40014 SET @OLD_FOREIGN_KEY_CHECKS=@@FOREIGN_KEY_CHECKS, FOREIGN_KEY_CHECKS=0 */;
/*!40101 SET @OLD_SQL_MODE=@@SQL_MODE, SQL_MODE='NO_AUTO_VALUE_ON_ZERO' */;
/*!40111 SET @OLD_SQL_NOTES=@@SQL_NOTES, SQL_NOTES=0 */;


-- Listage de la structure de la base pour session-symfony
CREATE DATABASE IF NOT EXISTS `session-symfony` /*!40100 DEFAULT CHARACTER SET utf8mb4 COLLATE utf8mb4_0900_ai_ci */ /*!80016 DEFAULT ENCRYPTION='N' */;
USE `session-symfony`;

-- Listage de la structure de table session-symfony. category
CREATE TABLE IF NOT EXISTS `category` (
  `id` int NOT NULL AUTO_INCREMENT,
  `category_name` varchar(50) COLLATE utf8mb4_unicode_ci NOT NULL,
  PRIMARY KEY (`id`)
) ENGINE=InnoDB AUTO_INCREMENT=110 DEFAULT CHARSET=utf8mb4 COLLATE=utf8mb4_unicode_ci;

-- Listage des données de la table session-symfony.category : ~13 rows (environ)
INSERT INTO `category` (`id`, `category_name`) VALUES
	(1, 'Bureautique'),
	(2, 'Développement Web'),
	(3, 'Design'),
	(4, 'Marketing'),
	(5, 'Virtualisation'),
	(6, 'Sécurité Réseau'),
	(7, 'Cybersécurité'),
	(8, 'Développement Mobile'),
	(9, 'Design UX'),
	(10, 'Data Science'),
	(11, 'Agilité'),
	(108, 'Comment être un bon Jgl ^^'),
	(109, 'Comment être un mauvais jgl ^^');

-- Listage de la structure de table session-symfony. doctrine_migration_versions
CREATE TABLE IF NOT EXISTS `doctrine_migration_versions` (
  `version` varchar(191) COLLATE utf8mb3_unicode_ci NOT NULL,
  `executed_at` datetime DEFAULT NULL,
  `execution_time` int DEFAULT NULL,
  PRIMARY KEY (`version`)
) ENGINE=InnoDB DEFAULT CHARSET=utf8mb3 COLLATE=utf8mb3_unicode_ci;

-- Listage des données de la table session-symfony.doctrine_migration_versions : ~4 rows (environ)
INSERT INTO `doctrine_migration_versions` (`version`, `executed_at`, `execution_time`) VALUES
	('DoctrineMigrations\\Version20250523133630', '2025-05-23 13:37:07', 155),
	('DoctrineMigrations\\Version20250527141830', NULL, NULL),
	('DoctrineMigrations\\Version20250602075634', NULL, NULL),
	('DoctrineMigrations\\Version20250602081139', '2025-06-02 08:11:41', 84);

-- Listage de la structure de table session-symfony. intern
CREATE TABLE IF NOT EXISTS `intern` (
  `id` int NOT NULL AUTO_INCREMENT,
  `inter_name` varchar(120) COLLATE utf8mb4_unicode_ci NOT NULL,
  `intern_sex` varchar(50) COLLATE utf8mb4_unicode_ci NOT NULL,
  `intern_city` varchar(100) COLLATE utf8mb4_unicode_ci NOT NULL,
  `intern_cp` varchar(50) COLLATE utf8mb4_unicode_ci NOT NULL,
  `intern_adress` varchar(100) COLLATE utf8mb4_unicode_ci NOT NULL,
  `intern_birth` date NOT NULL,
  `intern_email` varchar(255) COLLATE utf8mb4_unicode_ci NOT NULL,
  PRIMARY KEY (`id`)
) ENGINE=InnoDB AUTO_INCREMENT=503 DEFAULT CHARSET=utf8mb4 COLLATE=utf8mb4_unicode_ci;

-- Listage des données de la table session-symfony.intern : ~203 rows (environ)
INSERT INTO `intern` (`id`, `inter_name`, `intern_sex`, `intern_city`, `intern_cp`, `intern_adress`, `intern_birth`, `intern_email`) VALUES
	(1, 'Oldroyd', 'Female', 'Verkhniy Yasenov', '13195', 'Room 1226', '1994-12-28', 'boldroyd0@statcounter.com'),
	(2, 'Lagden', 'Female', 'Palermo', '62917', 'PO Box 18395', '2022-11-16', 'llagden1@ning.com'),
	(3, 'Bustard', 'Female', 'Ypacarai', '97416', 'Room 1158', '2016-11-27', 'rbustard2@spotify.com'),
	(4, 'Sabin', 'Female', 'Ocoyo', '14037', 'Apt 1069', '1986-08-10', 'gsabin3@sina.com.cn'),
	(5, 'Vahl', 'Non-binary', 'Miribanteng', '67725', 'Room 856', '1982-08-04', 'tvahl4@qq.com'),
	(6, 'Burth', 'Male', 'Gongming', '50274', '13th Floor', '2020-08-21', 'kburth5@topsy.com'),
	(7, 'McCudden', 'Agender', 'Krabi', '24428', 'Apt 1547', '2011-03-17', 'bmccudden6@hubpages.com'),
	(8, 'Grzelczyk', 'Female', 'Buinsk', '63010', '10th Floor', '1993-07-15', 'bgrzelczyk7@microsoft.com'),
	(9, 'Evennett', 'Female', 'Lyubimets', '74378', 'Room 1907', '2010-03-12', 'mevennett8@wikispaces.com'),
	(10, 'Ledekker', 'Male', 'Uchkeken', '57077', '4th Floor', '2021-11-07', 'tledekker9@pcworld.com'),
	(11, 'MacVanamy', 'Female', 'Tchamba', '86538', '19th Floor', '1985-10-22', 'jmacvanamya@lulu.com'),
	(12, 'Antunes', 'Male', 'Quartier Militaire', '21315', 'Apt 658', '2016-07-31', 'aantunesb@baidu.com'),
	(13, 'Tradewell', 'Male', 'Kali', '86905', 'Room 379', '2014-01-21', 'ntradewellc@privacy.gov.au'),
	(14, 'Ivankov', 'Female', 'Aksu', '14036', 'Suite 30', '1978-12-21', 'vivankovd@hubpages.com'),
	(15, 'Pavluk', 'Male', 'Los Pinos', '56147', 'Room 1661', '2002-10-17', 'rpavluke@scientificamerican.com'),
	(16, 'Sember', 'Female', 'Miches', '62970', 'Apt 286', '1992-12-30', 'esemberf@hugedomains.com'),
	(17, 'Sellick', 'Female', 'Carusucan', '87464', '20th Floor', '1998-03-16', 'tsellickg@mozilla.org'),
	(18, 'Richardot', 'Female', 'Villa Cañás', '87677', 'Apt 1849', '2000-08-18', 'jrichardoth@devhub.com'),
	(19, 'Knappett', 'Male', 'Ustrzyki Dolne', '84520', 'Apt 1897', '2013-09-26', 'tknappetti@smugmug.com'),
	(20, 'Stocky', 'Female', 'Bayangol', '31329', 'Room 152', '1984-06-04', 'fstockyj@spiegel.de'),
	(21, 'Leith', 'Male', 'Goge', '85535', 'Apt 1151', '1999-02-23', 'hleithk@about.me'),
	(22, 'Blant', 'Male', 'Urzhar', '33491', 'Suite 63', '1991-08-21', 'dblantl@163.com'),
	(23, 'Zoppie', 'Male', 'Lekaj', '24411', 'Suite 49', '2000-02-23', 'dzoppiem@com.com'),
	(24, 'Wheatland', 'Female', 'Muang Sam Sip', '58494', 'Apt 1980', '1996-07-19', 'rwheatlandn@aol.com'),
	(25, 'Nairns', 'Male', 'Ar Rass', '99222', '6th Floor', '1978-04-05', 'anairnso@example.com'),
	(26, 'Simonson', 'Female', 'Karanggintung', '37531', 'PO Box 61328', '2001-01-08', 'wsimonsonp@pen.io'),
	(27, 'Alejo', 'Female', 'Charlottesville', '64351', 'PO Box 66544', '2014-02-20', 'balejoq@purevolume.com'),
	(28, 'Pendre', 'Male', 'Chupa', '20069', '10th Floor', '2013-05-08', 'cpendrer@dedecms.com'),
	(29, 'Mansour', 'Female', 'Omu Aran', '56925', 'Room 588', '2024-04-02', 'zmansours@ezinearticles.com'),
	(30, 'Roxbee', 'Male', 'Tamot', '45602', '18th Floor', '1993-04-10', 'aroxbeet@hc360.com'),
	(31, 'Hender', 'Female', 'Kuningan', '87821', 'Suite 92', '2008-07-24', 'ehenderu@fema.gov'),
	(32, 'Pridmore', 'Bigender', 'Richmond', '75389', 'PO Box 59151', '1989-01-23', 'mpridmorev@github.com'),
	(33, 'Bagott', 'Bigender', 'Longbo', '35952', 'Apt 183', '1986-07-13', 'rbagottw@cdc.gov'),
	(34, 'Antonowicz', 'Female', 'Yên Mỹ', '89040', 'Room 1706', '1981-11-17', 'eantonowiczx@ow.ly'),
	(35, 'Ortell', 'Male', 'Bawshar', '58842', '15th Floor', '2022-09-16', 'cortelly@boston.com'),
	(36, 'Sheehan', 'Male', 'Kiten', '61718', 'PO Box 35782', '1997-08-18', 'lsheehanz@cyberchimps.com'),
	(37, 'Wedderburn', 'Male', 'Yangxiang', '73935', 'Room 1774', '2013-03-18', 'fwedderburn10@msn.com'),
	(38, 'Pauley', 'Male', 'Muraharjo', '78235', 'Suite 82', '1975-05-28', 'mpauley11@wikispaces.com'),
	(39, 'Benfield', 'Female', 'Leeuwarden', '31826', '9th Floor', '1980-05-27', 'rbenfield12@ft.com'),
	(40, 'Hawyes', 'Male', 'Ozorków', '80591', 'Apt 1787', '1974-09-16', 'phawyes13@wikipedia.org'),
	(41, 'Nozzolii', 'Male', 'Cinunjang', '32873', 'Suite 26', '2007-02-07', 'tnozzolii14@facebook.com'),
	(42, 'Devonald', 'Female', 'Bayān', '20285', 'Apt 1900', '1986-02-09', 'edevonald15@wordpress.org'),
	(43, 'Jennison', 'Female', 'Secunda', '17992', 'Room 1977', '2004-08-08', 'gjennison16@cnn.com'),
	(44, 'Suttie', 'Female', 'Dordrecht', '43092', '16th Floor', '1981-03-24', 'ssuttie17@foxnews.com'),
	(45, 'Morgue', 'Male', 'Taung', '57404', '19th Floor', '2008-02-01', 'amorgue18@about.com'),
	(46, 'Seckom', 'Bigender', 'Nagbacalan', '90872', '2nd Floor', '1970-11-10', 'bseckom19@economist.com'),
	(47, 'Cassella', 'Male', 'Septfontaines', '44343', 'Apt 1788', '1991-04-19', 'scassella1a@barnesandnoble.com'),
	(48, 'Biss', 'Female', 'Porirua', '82803', 'PO Box 57037', '1989-07-22', 'ibiss1b@nymag.com'),
	(49, 'Blamires', 'Female', 'Silihe', '54204', 'PO Box 72979', '2009-05-21', 'lblamires1c@multiply.com'),
	(50, 'Boardman', 'Male', 'Emmen', '15626', 'PO Box 95612', '1978-09-20', 'dboardman1d@deliciousdays.com'),
	(51, 'de Bullion', 'Male', 'Tais', '39110', 'Room 853', '1970-09-08', 'adebullion1e@myspace.com'),
	(52, 'MacKinnon', 'Female', 'Krajan Tengah', '46014', 'Suite 4', '1987-08-23', 'emackinnon1f@patch.com'),
	(53, 'Goodboddy', 'Female', 'Chãos', '37825', 'Apt 1031', '2020-03-28', 'cgoodboddy1g@xrea.com'),
	(54, 'Gammage', 'Female', 'Machakos', '72955', '1st Floor', '1984-09-14', 'fgammage1h@wsj.com'),
	(55, 'Tremonte', 'Male', 'Nakhon Pathom', '25868', 'Apt 313', '2023-10-10', 'ctremonte1i@mail.ru'),
	(56, 'Askey', 'Male', 'Fukui-shi', '96775', 'PO Box 87086', '2019-11-20', 'baskey1j@noaa.gov'),
	(57, 'Kincade', 'Non-binary', 'Bantuanon', '32651', 'Suite 96', '1975-12-27', 'lkincade1k@mediafire.com'),
	(58, 'Waddilove', 'Male', 'Yunmenling', '20301', 'Suite 71', '1992-06-02', 'hwaddilove1l@nba.com'),
	(59, 'Feehily', 'Male', 'Kristianstad', '91110', 'PO Box 44608', '1978-02-18', 'efeehily1m@discuz.net'),
	(60, 'Chelsom', 'Male', 'Castanhal', '40294', 'Room 1191', '2016-03-31', 'lchelsom1n@reference.com'),
	(61, 'Kullmann', 'Female', 'Tyvriv', '73790', 'Apt 1419', '2018-09-19', 'skullmann1o@imdb.com'),
	(62, 'Mowbury', 'Female', 'Columbia', '63128', 'Suite 92', '2025-02-25', 'emowbury1p@w3.org'),
	(63, 'Kernaghan', 'Agender', 'Changgou', '14038', 'Apt 430', '2002-02-18', 'akernaghan1q@soup.io'),
	(64, 'Defew', 'Female', 'Bajia', '88906', '18th Floor', '2000-12-20', 'ddefew1r@ox.ac.uk'),
	(65, 'Skoggins', 'Bigender', 'Xinzhou', '91221', 'Suite 95', '1980-09-09', 'sskoggins1s@jiathis.com'),
	(66, 'O\'Carrol', 'Female', 'Palermo', '39282', '10th Floor', '2021-11-21', 'mocarrol1t@cbc.ca'),
	(67, 'Cooper', 'Male', 'Gempol', '23021', 'Room 102', '1975-02-19', 'mcooper1u@noaa.gov'),
	(68, 'Menier', 'Female', 'Zolotyy Potik', '13181', 'Room 201', '1990-03-29', 'kmenier1v@zimbio.com'),
	(69, 'Ruppele', 'Male', 'Devon', '79373', 'PO Box 7501', '2020-04-01', 'aruppele1w@tumblr.com'),
	(70, 'Studart', 'Male', 'Karangagung Timur', '38697', 'Apt 418', '1996-07-27', 'sstudart1x@cpanel.net'),
	(71, 'Barradell', 'Male', 'Yelets', '92224', 'PO Box 96628', '1972-12-10', 'cbarradell1y@google.com.au'),
	(72, 'Maren', 'Female', 'La Julia', '52278', '18th Floor', '2005-09-20', 'dmaren1z@xinhuanet.com'),
	(73, 'Luce', 'Male', 'Oematnunu', '13544', 'Room 1114', '1979-02-26', 'gluce20@4shared.com'),
	(74, 'Maystone', 'Male', 'Toroy', '77898', '10th Floor', '2011-02-18', 'bmaystone21@blogs.com'),
	(75, 'Rosoni', 'Female', 'Tanggung', '29077', 'Apt 169', '2001-10-26', 'drosoni22@123-reg.co.uk'),
	(76, 'Gannaway', 'Female', 'Shangfang', '59035', 'Apt 993', '1998-05-04', 'wgannaway23@ftc.gov'),
	(77, 'Viger', 'Male', 'Banjar Kajanan', '16451', '3rd Floor', '1975-07-26', 'lviger24@ehow.com'),
	(78, 'Michiel', 'Genderqueer', 'Kaédi', '50175', 'PO Box 43147', '2001-04-10', 'rmichiel25@yale.edu'),
	(79, 'Dolton', 'Male', 'Placencia', '92442', 'Room 1632', '2015-10-07', 'bdolton26@weather.com'),
	(80, 'Woolaghan', 'Male', 'San Vicente', '57800', '20th Floor', '2007-03-05', 'cwoolaghan27@hp.com'),
	(81, 'Iffe', 'Male', 'Sarband', '23836', 'Suite 20', '2010-09-09', 'oiffe28@soundcloud.com'),
	(82, 'Pozer', 'Female', 'Añatuya', '50500', 'Room 1651', '1970-02-06', 'gpozer29@blinklist.com'),
	(83, 'Crutch', 'Male', 'Otra Banda', '18337', 'Apt 1606', '2002-07-26', 'jcrutch2a@narod.ru'),
	(84, 'Cortese', 'Bigender', 'Camingawan', '47634', 'PO Box 13460', '2000-10-22', 'kcortese2b@usnews.com'),
	(85, 'Gentreau', 'Male', 'Gambiran', '23820', 'Room 878', '2017-11-12', 'agentreau2c@slate.com'),
	(86, 'Gyde', 'Female', 'Shatoja', '23824', 'Apt 1311', '1973-08-28', 'jgyde2d@tiny.cc'),
	(87, 'Mead', 'Male', 'Zborište', '81349', '18th Floor', '1981-04-16', 'mmead2e@amazon.com'),
	(88, 'Fitzer', 'Female', 'Mahe', '94244', '12th Floor', '1977-02-27', 'wfitzer2f@squarespace.com'),
	(89, 'Matts', 'Male', 'Caihe', '42318', 'PO Box 42124', '2014-10-01', 'bmatts2g@yelp.com'),
	(90, 'Swadden', 'Male', 'Arada', '82392', '4th Floor', '1981-08-30', 'sswadden2h@cargocollective.com'),
	(91, 'Yerbury', 'Male', 'Lesnoy', '44211', 'Suite 87', '2009-05-24', 'eyerbury2i@miitbeian.gov.cn'),
	(92, 'Waiton', 'Female', 'Cikabuyutan Barat', '65975', 'PO Box 82725', '1977-07-09', 'jwaiton2j@g.co'),
	(93, 'Farrington', 'Female', 'Jinqu', '11678', 'Room 665', '1999-06-04', 'lfarrington2k@com.com'),
	(94, 'Hearsey', 'Non-binary', 'Pancoran', '88839', '9th Floor', '2010-01-23', 'fhearsey2l@umn.edu'),
	(95, 'Westcot', 'Female', 'San Mateo', '91416', 'Apt 674', '1978-08-25', 'mwestcot2m@bizjournals.com'),
	(96, 'Iles', 'Male', 'Cherryville', '34305', 'PO Box 5609', '1975-03-28', 'diles2n@soup.io'),
	(97, 'Habbin', 'Male', 'Santa Ana', '30996', 'Suite 32', '1996-06-18', 'khabbin2o@skype.com'),
	(98, 'Pellingar', 'Male', 'Buena Vista', '27728', 'Apt 363', '2023-11-19', 'spellingar2p@acquirethisname.com'),
	(99, 'Kundert', 'Agender', 'Yongdeng Chengguanzhen', '15128', 'Apt 1390', '1984-02-06', 'dkundert2q@smh.com.au'),
	(100, 'Hedin', 'Male', 'Mengmeng', '76223', 'Apt 1087', '1970-11-23', 'whedin2r@bigcartel.com'),
	(101, 'Sarjent', 'Male', 'Pangani', '87626', 'PO Box 35610', '2012-04-28', 'fsarjent2s@mail.ru'),
	(102, 'Rodie', 'Female', 'Ibiá', '88543', '6th Floor', '1993-11-01', 'frodie2t@guardian.co.uk'),
	(103, 'Pheasey', 'Male', 'Malveira', '10013', 'PO Box 52324', '2001-08-31', 'mpheasey2u@craigslist.org'),
	(104, 'Calleja', 'Male', 'Carpentras', '19117', 'Suite 83', '1987-08-21', 'gcalleja2v@google.ca'),
	(105, 'Redbourn', 'Female', 'Żórawina', '56417', 'PO Box 19577', '1972-09-29', 'mredbourn2w@wordpress.com'),
	(106, 'Brunelleschi', 'Agender', 'Mosal’sk', '71694', 'PO Box 52672', '1988-05-20', 'kbrunelleschi2x@hubpages.com'),
	(107, 'Ales0', 'Female', 'Jiangchang', '30534', 'Apt 1542', '1987-05-03', 'hales2y@wordpress.org'),
	(108, 'Reburn', 'Female', 'Călăraşi', '94903', 'Apt 673', '2009-12-14', 'jreburn2z@reddit.com'),
	(109, 'Stilliard', 'Female', 'Newport', '79554', 'PO Box 59557', '2016-02-16', 'dstilliard30@springer.com'),
	(110, 'Beaze', 'Female', 'Shatou', '30529', 'Room 1172', '1988-09-07', 'abeaze31@163.com'),
	(111, 'Florez', 'Female', 'Morelos', '41021', 'Apt 1408', '1983-11-04', 'aflorez32@home.pl'),
	(112, 'Mollett', 'Female', 'Buchanan', '79556', 'Apt 1054', '1975-08-13', 'smollett33@nydailynews.com'),
	(113, 'Stolle', 'Female', 'Puunage', '27296', '14th Floor', '2017-08-26', 'jstolle34@abc.net.au'),
	(114, 'Chatenet', 'Female', 'Paclolo', '64353', '16th Floor', '2002-08-08', 'zchatenet35@ucla.edu'),
	(115, 'Sams', 'Female', 'San Carlos', '98165', 'Suite 28', '1987-12-09', 'msams36@bloomberg.com'),
	(116, 'Yegorev', 'Non-binary', 'Pindamonhangaba', '43080', '12th Floor', '2022-01-04', 'gyegorev37@nyu.edu'),
	(117, 'Lanigan', 'Male', 'Itararé', '38693', 'Suite 16', '1998-12-10', 'blanigan38@dropbox.com'),
	(118, 'Jouhan', 'Male', 'Calibungan', '51913', 'Suite 96', '1997-12-21', 'mjouhan39@godaddy.com'),
	(119, 'Morriss', 'Female', 'Potrero Grande', '56291', 'PO Box 8661', '2023-02-19', 'rmorriss3a@moonfruit.com'),
	(120, 'Fass', 'Female', 'Buensuseso', '76340', '10th Floor', '1985-06-19', 'gfass3b@telegraph.co.uk'),
	(121, 'Lesmonde', 'Female', 'Bulacan', '99864', 'PO Box 77463', '2012-03-06', 'dlesmonde3c@yahoo.co.jp'),
	(122, 'Wilbore', 'Female', 'Cachoeiro de Itapemirim', '23364', 'Apt 762', '2020-02-19', 'dwilbore3d@marketwatch.com'),
	(123, 'Dufaur', 'Female', 'Santo Antônio do Monte', '57118', 'PO Box 52383', '1973-01-21', 'cdufaur3e@canalblog.com'),
	(124, 'Winckles', 'Female', 'Borne Sulinowo', '18909', 'Room 524', '1991-07-02', 'awinckles3f@google.co.jp'),
	(125, 'Tibald', 'Genderqueer', 'Boussé', '64010', '20th Floor', '1978-07-17', 'gtibald3g@amazonaws.com'),
	(126, 'Tooby', 'Male', 'Repki', '18749', 'Suite 98', '2009-10-17', 'ctooby3h@fotki.com'),
	(127, 'O\' Hanvey', 'Female', 'Haunubenak', '40433', 'Suite 49', '1984-05-28', 'dohanvey3i@house.gov'),
	(128, 'Pensom', 'Male', 'Roma', '65641', 'Room 775', '2002-09-18', 'jpensom3j@com.com'),
	(129, 'McKay', 'Non-binary', 'Thoeng', '83181', 'PO Box 24822', '1970-12-11', 'ymckay3k@japanpost.jp'),
	(130, 'O\'Dunniom', 'Male', 'Colonia Elisa', '49646', 'Room 1038', '1986-11-11', 'hodunniom3l@prlog.org'),
	(131, 'Fearick', 'Female', 'Daying', '83441', 'Room 441', '1998-04-17', 'lfearick3m@ucoz.com'),
	(132, 'Fayerman', 'Male', 'Encrucijada', '73782', 'Room 6', '2000-02-05', 'mfayerman3n@storify.com'),
	(133, 'Maynard', 'Male', 'Gasan', '48726', 'Apt 980', '2014-11-25', 'amaynard3o@addthis.com'),
	(134, 'Pautard', 'Female', 'Ebu', '48021', 'PO Box 19452', '1988-06-28', 'lpautard3p@ovh.net'),
	(135, 'Melsome', 'Female', 'Sikka', '75317', 'Room 566', '1990-05-11', 'tmelsome3q@smugmug.com'),
	(136, 'Hasnney', 'Male', 'Bangbayang', '20172', '2nd Floor', '1986-08-15', 'jhasnney3r@jigsy.com'),
	(137, 'Obert', 'Female', 'Shahrak', '55733', 'PO Box 13186', '2019-04-06', 'sobert3s@wordpress.com'),
	(138, 'Callaby', 'Female', 'Bolhos', '81597', 'Room 956', '2011-12-05', 'tcallaby3t@bloglovin.com'),
	(139, 'Summerlad', 'Male', 'Jutaí', '16913', 'Apt 1186', '1999-12-27', 'ksummerlad3u@webs.com'),
	(140, 'Blowin', 'Female', 'Heilangkou', '11767', 'Apt 317', '1973-05-30', 'wblowin3v@liveinternet.ru'),
	(141, 'Adnett', 'Genderfluid', 'Zhongxi', '58731', 'Apt 1007', '1993-03-07', 'ladnett3w@bloglines.com'),
	(142, 'Hammerberg', 'Male', 'Kalininskiy', '88133', 'Apt 1354', '1973-09-23', 'ahammerberg3x@aol.com'),
	(143, 'Bossel', 'Genderfluid', 'Winton', '95932', 'Room 145', '1995-11-24', 'bbossel3y@dyndns.org'),
	(144, 'Ham', 'Male', 'Kopang Satu', '30370', 'Apt 33', '2021-12-14', 'hham3z@friendfeed.com'),
	(145, 'Exrol', 'Female', 'Charleston', '19138', '11th Floor', '2018-10-15', 'jexrol40@europa.eu'),
	(146, 'Littley', 'Male', 'Hat Yai', '95104', 'Room 1032', '1997-07-08', 'nlittley41@tumblr.com'),
	(147, 'Whelpton', 'Female', 'Anau', '51522', '2nd Floor', '1993-07-16', 'gwhelpton42@diigo.com'),
	(148, 'Walklot', 'Female', 'Liucun', '93735', 'Room 901', '2011-11-05', 'twalklot43@wiley.com'),
	(149, 'Dyte', 'Male', 'Youchou', '93706', 'PO Box 49293', '2005-11-03', 'kdyte44@twitpic.com'),
	(150, 'Meininking', 'Male', 'Canutama', '33766', '20th Floor', '1975-10-11', 'mmeininking45@trellian.com'),
	(151, 'Form', 'Male', 'Ortigueira', '49000', 'Suite 4', '1972-02-07', 'jform46@nytimes.com'),
	(152, 'Andrassy', 'Male', 'Donghoufang', '85249', 'Suite 3', '1990-05-03', 'mandrassy47@netvibes.com'),
	(153, 'Norkutt', 'Female', 'Houston', '42970', 'Room 508', '2007-09-03', 'fnorkutt48@fastcompany.com'),
	(154, 'Leek', 'Female', 'Vale da Serra', '71843', '6th Floor', '2014-12-24', 'fleek49@yellowpages.com'),
	(155, 'Noden', 'Male', 'Balakliya', '31901', '2nd Floor', '2020-12-10', 'lnoden4a@prlog.org'),
	(156, 'Scurlock', 'Female', 'Hongyan', '86584', 'Apt 1455', '1971-09-16', 'dscurlock4b@uiuc.edu'),
	(157, 'O\'Luby', 'Male', 'San Vicente', '16299', 'Apt 264', '1974-02-06', 'noluby4c@e-recht24.de'),
	(158, 'Bambrick', 'Female', 'Wuli', '43125', '3rd Floor', '2012-09-21', 'jbambrick4d@dailymotion.com'),
	(159, 'Hurdwell', 'Female', 'Sanchang', '89894', 'Apt 1791', '2016-11-13', 'vhurdwell4e@so-net.ne.jp'),
	(160, 'Balmforth', 'Female', 'Ximapo', '61529', 'PO Box 18497', '1984-07-04', 'ibalmforth4f@liveinternet.ru'),
	(161, 'Plascott', 'Male', 'Bijeli', '33951', 'Apt 944', '2013-04-08', 'rplascott4g@princeton.edu'),
	(162, 'Lloyds', 'Male', 'Gornyy', '65101', 'PO Box 5408', '1982-03-23', 'mlloyds4h@pen.io'),
	(163, 'Peetermann', 'Male', 'Jaroměř', '91520', 'Room 912', '2014-09-26', 'cpeetermann4i@fda.gov'),
	(164, 'Estoile', 'Female', 'Swinford', '48360', 'Room 374', '1999-05-26', 'eestoile4j@bizjournals.com'),
	(165, 'Tittletross', 'Male', 'Vilares', '35024', '16th Floor', '1978-05-30', 'ctittletross4k@buzzfeed.com'),
	(166, 'McKern', 'Male', 'Thạnh Mỹ', '11837', 'Suite 34', '2014-03-08', 'imckern4l@yolasite.com'),
	(167, 'Trimby', 'Male', 'Belsk Duży', '81339', 'PO Box 62003', '1970-05-19', 'wtrimby4m@whitehouse.gov'),
	(168, 'Gillard', 'Female', 'Lago da Pedra', '24510', 'Apt 1388', '1980-06-26', 'ngillard4n@ucoz.com'),
	(169, 'Hexham', 'Female', 'Simpang', '96112', 'Room 1461', '1975-04-04', 'ahexham4o@opensource.org'),
	(170, 'Royden', 'Male', 'Tinumpuk', '93226', 'Apt 1650', '2005-04-02', 'droyden4p@360.cn'),
	(171, 'Warlton', 'Male', 'Bayambang', '74609', 'PO Box 79141', '1994-08-08', 'zwarlton4q@sohu.com'),
	(172, 'Dudny', 'Male', 'Bascaron', '62698', 'PO Box 24780', '1979-04-19', 'pdudny4r@eepurl.com'),
	(173, 'Hewertson', 'Female', 'Weston', '90838', '15th Floor', '1993-10-06', 'ahewertson4s@ovh.net'),
	(174, 'Antunes', 'Male', 'Tasovčići', '72654', 'Apt 260', '1981-01-21', 'lantunes4t@ed.gov'),
	(175, 'Cettell', 'Male', 'Venustiano Carranza', '63315', 'Apt 1945', '2003-03-18', 'ccettell4u@reuters.com'),
	(176, 'Layhe', 'Male', 'Enköping', '50713', '4th Floor', '1992-02-26', 'rlayhe4v@yolasite.com'),
	(177, 'Dibsdale', 'Female', 'Liujiage', '26261', 'Room 87', '1990-03-22', 'jdibsdale4w@sbwire.com'),
	(178, 'McKeney', 'Female', 'Phanom Phrai', '83635', '11th Floor', '1997-07-15', 'bmckeney4x@cocolog-nifty.com'),
	(179, 'Jasik', 'Female', 'Paris 12', '42121', '3rd Floor', '2014-12-31', 'bjasik4y@timesonline.co.uk'),
	(180, 'Dovidaitis', 'Male', 'Lucas', '24450', 'PO Box 27137', '2007-08-13', 'ldovidaitis4z@hhs.gov'),
	(181, 'Locksley', 'Female', 'Kama', '26426', '18th Floor', '1976-06-03', 'tlocksley50@wp.com'),
	(182, 'Folk', 'Female', 'Wichit', '24993', 'Apt 1949', '2013-06-16', 'pfolk51@cmu.edu'),
	(183, 'Vears', 'Female', 'Heka', '50189', 'Room 1841', '2021-07-14', 'hvears52@google.pl'),
	(184, 'Dundon', 'Female', 'Carmen', '11639', '9th Floor', '1986-11-26', 'adundon53@addthis.com'),
	(185, 'Pieterick', 'Female', 'Uuemõisa', '67797', 'PO Box 19545', '1997-04-14', 'rpieterick54@tripod.com'),
	(186, 'Casebourne', 'Male', 'South Bend', '50555', 'PO Box 11902', '1971-12-06', 'bcasebourne55@biblegateway.com'),
	(187, 'Scad', 'Female', 'Kozje', '83545', '10th Floor', '2017-02-01', 'vscad56@yahoo.co.jp'),
	(188, 'Klimpt', 'Female', 'Kill', '14365', 'Room 1007', '2022-11-13', 'hklimpt57@discovery.com'),
	(189, 'Shave', 'Polygender', 'Miaoling', '21479', 'Apt 1202', '1990-09-02', 'hshave58@issuu.com'),
	(190, 'Hassan', 'Female', 'Ko Chan', '73000', 'Room 1186', '2015-07-22', 'chassan59@sakura.ne.jp'),
	(191, 'Gater', 'Female', 'Garmo', '80977', 'Room 1127', '1976-02-08', 'ggater5a@xinhuanet.com'),
	(192, 'Dare', 'Female', 'Podsineye', '59167', '17th Floor', '1987-09-02', 'bdare5b@discuz.net'),
	(193, 'Brigham', 'Female', 'Shiren', '61184', 'PO Box 43563', '1970-06-12', 'mbrigham5c@economist.com'),
	(194, 'Hallows', 'Male', 'As Salţ', '39572', 'Apt 1892', '2024-01-24', 'ehallows5d@nba.com'),
	(195, 'Probbings', 'Female', 'Shuinanxu', '35329', '7th Floor', '1999-10-23', 'eprobbings5e@scientificamerican.com'),
	(196, 'Drewes', 'Female', 'Kawangu', '19005', 'Suite 17', '1978-01-13', 'cdrewes5f@pagesperso-orange.fr'),
	(197, 'Touhig', 'Male', 'Jiaoyang', '18899', '7th Floor', '1973-08-11', 'wtouhig5g@google.cn'),
	(198, 'Stening', 'Male', 'Goubétto', '69280', 'PO Box 27351', '2004-07-10', 'mstening5h@umn.edu'),
	(199, 'Donnell', 'Female', 'Paris 10', '22598', 'PO Box 51237', '1993-03-04', 'wdonnell5i@e-recht24.de'),
	(200, 'Marmion', 'Female', 'Bajiao', '27322', '19th Floor', '1991-06-30', 'lmarmion5j@baidu.com'),
	(500, 'Virginie Thomas', 'Femme', 'Sainte Virginie', '48140', '104, rue de Collet', '1992-11-22', 'virginie.thomas@example.com'),
	(501, 'Rémy Lemoine-Blin', 'Femme', 'Hamel', '42353', '4, rue Evrard', '1998-09-21', 'daniellelefebvre@noos.fr'),
	(502, 'LINDECKER', 'Homme', 'Nanct', '42000', '9 rue Lothaire II', '2020-01-01', 'charles.lindecker@outlook.fr');

-- Listage de la structure de table session-symfony. intern_session
CREATE TABLE IF NOT EXISTS `intern_session` (
  `intern_id` int NOT NULL,
  `session_id` int NOT NULL,
  PRIMARY KEY (`intern_id`,`session_id`),
  KEY `IDX_A6D9BBE2525DD4B4` (`intern_id`),
  KEY `IDX_A6D9BBE2613FECDF` (`session_id`),
  CONSTRAINT `FK_A6D9BBE2525DD4B4` FOREIGN KEY (`intern_id`) REFERENCES `intern` (`id`) ON DELETE CASCADE,
  CONSTRAINT `FK_A6D9BBE2613FECDF` FOREIGN KEY (`session_id`) REFERENCES `session` (`id`) ON DELETE CASCADE
) ENGINE=InnoDB DEFAULT CHARSET=utf8mb4 COLLATE=utf8mb4_unicode_ci;

-- Listage des données de la table session-symfony.intern_session : ~130 rows (environ)
INSERT INTO `intern_session` (`intern_id`, `session_id`) VALUES
	(2, 2),
	(2, 10),
	(2, 25),
	(2, 26),
	(2, 41),
	(3, 5),
	(3, 10),
	(3, 11),
	(3, 19),
	(3, 27),
	(3, 41),
	(3, 1052),
	(4, 4),
	(4, 15),
	(4, 42),
	(5, 32),
	(5, 33),
	(5, 40),
	(5, 42),
	(6, 17),
	(6, 20),
	(6, 21),
	(6, 42),
	(7, 10),
	(7, 17),
	(7, 27),
	(7, 30),
	(8, 11),
	(8, 13),
	(8, 21),
	(8, 23),
	(8, 25),
	(8, 34),
	(8, 39),
	(9, 16),
	(9, 18),
	(9, 22),
	(9, 26),
	(9, 33),
	(9, 35),
	(10, 6),
	(10, 11),
	(11, 24),
	(11, 26),
	(11, 30),
	(12, 6),
	(12, 8),
	(12, 17),
	(12, 38),
	(12, 1052),
	(13, 5),
	(13, 15),
	(13, 22),
	(13, 26),
	(13, 31),
	(13, 38),
	(14, 37),
	(14, 43),
	(15, 3),
	(15, 16),
	(15, 22),
	(15, 32),
	(16, 30),
	(16, 40),
	(17, 40),
	(18, 3),
	(18, 6),
	(18, 20),
	(18, 23),
	(18, 35),
	(19, 9),
	(19, 28),
	(19, 36),
	(19, 38),
	(20, 8),
	(20, 20),
	(21, 8),
	(21, 17),
	(21, 18),
	(21, 20),
	(21, 22),
	(21, 30),
	(21, 32),
	(21, 42),
	(22, 10),
	(22, 18),
	(22, 23),
	(22, 43),
	(23, 10),
	(23, 18),
	(23, 23),
	(23, 29),
	(24, 3),
	(24, 20),
	(24, 34),
	(24, 35),
	(25, 11),
	(25, 25),
	(25, 41),
	(26, 1),
	(26, 26),
	(26, 43),
	(27, 6),
	(27, 7),
	(27, 17),
	(27, 24),
	(27, 25),
	(28, 8),
	(28, 12),
	(28, 14),
	(28, 42),
	(29, 8),
	(29, 29),
	(29, 31),
	(29, 38),
	(30, 4),
	(30, 18),
	(30, 22),
	(30, 27),
	(30, 31),
	(34, 6),
	(34, 1052),
	(34, 1053),
	(56, 12),
	(104, 1052),
	(107, 12),
	(141, 12),
	(152, 1052),
	(152, 1053),
	(186, 1052);

-- Listage de la structure de table session-symfony. messenger_messages
CREATE TABLE IF NOT EXISTS `messenger_messages` (
  `id` bigint NOT NULL AUTO_INCREMENT,
  `body` longtext COLLATE utf8mb4_unicode_ci NOT NULL,
  `headers` longtext COLLATE utf8mb4_unicode_ci NOT NULL,
  `queue_name` varchar(190) COLLATE utf8mb4_unicode_ci NOT NULL,
  `created_at` datetime NOT NULL COMMENT '(DC2Type:datetime_immutable)',
  `available_at` datetime NOT NULL COMMENT '(DC2Type:datetime_immutable)',
  `delivered_at` datetime DEFAULT NULL COMMENT '(DC2Type:datetime_immutable)',
  PRIMARY KEY (`id`),
  KEY `IDX_75EA56E0FB7336F0` (`queue_name`),
  KEY `IDX_75EA56E0E3BD61CE` (`available_at`),
  KEY `IDX_75EA56E016BA31DB` (`delivered_at`)
) ENGINE=InnoDB DEFAULT CHARSET=utf8mb4 COLLATE=utf8mb4_unicode_ci;

-- Listage des données de la table session-symfony.messenger_messages : ~0 rows (environ)

-- Listage de la structure de table session-symfony. module
CREATE TABLE IF NOT EXISTS `module` (
  `id` int NOT NULL AUTO_INCREMENT,
  `module_category_id` int NOT NULL,
  `mudle_name` varchar(50) COLLATE utf8mb4_unicode_ci NOT NULL,
  PRIMARY KEY (`id`),
  KEY `IDX_C2426289C6D9730` (`module_category_id`),
  CONSTRAINT `FK_C2426289C6D9730` FOREIGN KEY (`module_category_id`) REFERENCES `category` (`id`)
) ENGINE=InnoDB AUTO_INCREMENT=311 DEFAULT CHARSET=utf8mb4 COLLATE=utf8mb4_unicode_ci;

-- Listage des données de la table session-symfony.module : ~29 rows (environ)
INSERT INTO `module` (`id`, `module_category_id`, `mudle_name`) VALUES
	(1, 1, 'Word'),
	(2, 1, 'Excel'),
	(3, 2, 'PHP'),
	(4, 2, 'JavaScript'),
	(5, 3, 'Photoshop'),
	(6, 4, 'SEO'),
	(7, 5, 'VMware & Hyper-V'),
	(8, 1, 'Outlook'),
	(9, 2, 'Laravel'),
	(10, 2, 'React'),
	(11, 3, 'Figma'),
	(12, 1, 'Adobe XD'),
	(13, 4, 'Marketing Digital'),
	(14, 4, 'Google Ads'),
	(15, 5, 'Docker'),
	(16, 5, 'Kubernetes'),
	(17, 6, 'Sécurité Windows'),
	(18, 6, 'Gestion de pare-feu'),
	(19, 5, 'Analyse des risques'),
	(20, 7, 'Cryptographie'),
	(21, 8, 'Flutter'),
	(22, 8, 'React Native'),
	(23, 9, 'Wireframing'),
	(24, 9, 'Expérience Utilisateur'),
	(25, 10, 'Machine Learning'),
	(26, 10, 'Visualisation de données'),
	(27, 11, 'Scrum Master'),
	(28, 5, 'Firewall & VPN'),
	(310, 1, 'BAAHAH JGLDIFF');

-- Listage de la structure de table session-symfony. programme
CREATE TABLE IF NOT EXISTS `programme` (
  `id` int NOT NULL AUTO_INCREMENT,
  `session_id` int NOT NULL,
  `module_id` int NOT NULL,
  `nb_day` int NOT NULL,
  PRIMARY KEY (`id`),
  KEY `IDX_3DDCB9FF613FECDF` (`session_id`),
  KEY `IDX_3DDCB9FFAFC2B591` (`module_id`),
  CONSTRAINT `FK_3DDCB9FF613FECDF` FOREIGN KEY (`session_id`) REFERENCES `session` (`id`),
  CONSTRAINT `FK_3DDCB9FFAFC2B591` FOREIGN KEY (`module_id`) REFERENCES `module` (`id`)
) ENGINE=InnoDB AUTO_INCREMENT=190 DEFAULT CHARSET=utf8mb4 COLLATE=utf8mb4_unicode_ci;

-- Listage des données de la table session-symfony.programme : ~89 rows (environ)
INSERT INTO `programme` (`id`, `session_id`, `module_id`, `nb_day`) VALUES
	(97, 1, 23, 3),
	(98, 1, 28, 1),
	(99, 1, 26, 3),
	(100, 2, 26, 3),
	(101, 3, 24, 5),
	(102, 3, 10, 2),
	(103, 4, 25, 5),
	(104, 4, 22, 4),
	(105, 4, 20, 4),
	(106, 5, 3, 3),
	(107, 5, 12, 3),
	(108, 6, 7, 3),
	(109, 6, 18, 4),
	(110, 7, 5, 4),
	(111, 7, 27, 3),
	(112, 7, 20, 2),
	(113, 8, 9, 2),
	(114, 9, 9, 1),
	(115, 9, 1, 4),
	(116, 10, 15, 3),
	(117, 11, 11, 5),
	(120, 13, 24, 1),
	(121, 13, 25, 4),
	(122, 14, 9, 3),
	(123, 15, 15, 3),
	(124, 15, 26, 4),
	(125, 16, 20, 5),
	(126, 17, 16, 3),
	(127, 18, 28, 2),
	(128, 19, 1, 1),
	(129, 19, 6, 2),
	(130, 20, 22, 4),
	(131, 20, 14, 4),
	(132, 21, 16, 3),
	(133, 22, 27, 2),
	(134, 22, 13, 5),
	(135, 22, 2, 1),
	(136, 23, 4, 5),
	(137, 23, 5, 5),
	(138, 24, 15, 5),
	(139, 25, 16, 4),
	(140, 25, 17, 3),
	(141, 26, 27, 2),
	(142, 26, 24, 1),
	(143, 27, 26, 2),
	(144, 28, 9, 3),
	(145, 28, 28, 3),
	(146, 29, 17, 2),
	(147, 29, 1, 3),
	(148, 29, 20, 3),
	(149, 30, 20, 3),
	(150, 30, 18, 4),
	(151, 30, 2, 2),
	(152, 31, 18, 5),
	(153, 31, 2, 3),
	(154, 31, 7, 3),
	(155, 32, 6, 2),
	(156, 32, 14, 3),
	(157, 33, 21, 1),
	(158, 33, 8, 5),
	(159, 33, 7, 4),
	(160, 34, 20, 1),
	(161, 34, 16, 5),
	(162, 34, 26, 3),
	(163, 35, 14, 1),
	(164, 35, 19, 3),
	(165, 36, 7, 5),
	(166, 37, 21, 3),
	(167, 38, 8, 2),
	(168, 39, 20, 4),
	(169, 39, 7, 5),
	(170, 40, 17, 5),
	(171, 40, 19, 2),
	(172, 41, 25, 5),
	(173, 41, 21, 2),
	(174, 41, 23, 4),
	(175, 42, 17, 2),
	(176, 42, 8, 2),
	(177, 42, 12, 4),
	(178, 43, 16, 4),
	(179, 43, 25, 3),
	(182, 12, 4, 40),
	(183, 12, 6, 10),
	(184, 12, 9, 20),
	(185, 12, 10, 20),
	(186, 12, 11, 5),
	(187, 12, 23, 2),
	(188, 12, 24, 5),
	(189, 12, 26, 5);

-- Listage de la structure de table session-symfony. session
CREATE TABLE IF NOT EXISTS `session` (
  `id` int NOT NULL AUTO_INCREMENT,
  `session_name` varchar(150) COLLATE utf8mb4_unicode_ci NOT NULL,
  `start_date` datetime NOT NULL,
  `end_date` datetime NOT NULL,
  `nb_place_tt` int NOT NULL,
  `nb_place_reserved` int NOT NULL,
  PRIMARY KEY (`id`)
) ENGINE=InnoDB AUTO_INCREMENT=1054 DEFAULT CHARSET=utf8mb4 COLLATE=utf8mb4_unicode_ci;

-- Listage des données de la table session-symfony.session : ~47 rows (environ)
INSERT INTO `session` (`id`, `session_name`, `start_date`, `end_date`, `nb_place_tt`, `nb_place_reserved`) VALUES
	(1, 'Session Full Stack Web', '2024-06-01 00:00:00', '2024-07-15 00:00:00', 20, 0),
	(2, 'Session Virtualisation', '2024-03-01 00:00:00', '2024-03-10 00:00:00', 20, 0),
	(3, 'Session Sécurité', '2024-04-05 00:00:00', '2024-04-15 00:00:00', 20, 0),
	(4, 'Session Data Science', '2025-09-23 00:00:00', '2025-10-23 00:00:00', 20, 4),
	(5, 'Session DevOps', '2025-05-16 00:00:00', '2025-06-12 00:00:00', 20, 0),
	(6, 'Session UX Design', '2025-08-10 00:00:00', '2025-08-31 00:00:00', 20, 0),
	(7, 'Session Backend PHP', '2024-10-16 00:00:00', '2024-10-22 00:00:00', 20, 0),
	(8, 'Session Cloud AWS', '2025-10-08 00:00:00', '2025-10-30 00:00:00', 20, 0),
	(9, 'Session Sécurité Réseau', '2025-05-18 00:00:00', '2025-06-15 00:00:00', 20, 0),
	(10, 'Session Java', '2025-09-11 00:00:00', '2025-10-01 00:00:00', 20, 0),
	(11, 'Session Agile Scrum', '2024-06-07 00:00:00', '2024-06-19 00:00:00', 20, 0),
	(12, 'Session Full Stack', '2025-07-06 00:00:00', '2025-07-31 00:00:00', 20, 0),
	(13, 'Session Frontend React', '2024-05-30 00:00:00', '2024-06-14 00:00:00', 20, 0),
	(14, 'Session Python', '2025-07-18 00:00:00', '2025-08-06 00:00:00', 20, 8),
	(15, 'Session API REST', '2024-10-23 00:00:00', '2024-11-16 00:00:00', 20, 1),
	(16, 'Session Kubernetes', '2025-08-20 00:00:00', '2025-08-25 00:00:00', 20, 0),
	(17, 'Session SEO', '2024-06-15 00:00:00', '2024-06-20 00:00:00', 20, 0),
	(18, 'Session Mobile Android', '2025-11-07 00:00:00', '2025-11-19 00:00:00', 20, 0),
	(19, 'Session UI Design', '2024-06-19 00:00:00', '2024-07-09 00:00:00', 20, 0),
	(20, 'Session Cybersécurité', '2025-09-07 00:00:00', '2025-10-02 00:00:00', 20, 0),
	(21, 'Session NoSQL', '2025-01-21 00:00:00', '2025-01-26 00:00:00', 20, 0),
	(22, 'Session Laravel', '2025-07-15 00:00:00', '2025-07-30 00:00:00', 20, 0),
	(23, 'Session Symfony', '2024-09-22 00:00:00', '2024-10-13 00:00:00', 20, 0),
	(24, 'Session Data Science', '2025-06-23 00:00:00', '2025-07-12 00:00:00', 20, 0),
	(25, 'Session DevOps', '2024-12-10 00:00:00', '2024-12-27 00:00:00', 20, 0),
	(26, 'Session UX Design', '2025-09-17 00:00:00', '2025-10-07 00:00:00', 20, 0),
	(27, 'Session Backend PHP', '2024-09-07 00:00:00', '2024-09-19 00:00:00', 20, 0),
	(28, 'Session Cloud AWS', '2025-07-23 00:00:00', '2025-08-03 00:00:00', 20, 0),
	(29, 'Session Sécurité Réseau', '2024-11-10 00:00:00', '2024-11-17 00:00:00', 20, 0),
	(30, 'Session Java', '2025-07-16 00:00:00', '2025-07-21 00:00:00', 20, 0),
	(31, 'Session Agile Scrum', '2025-03-28 00:00:00', '2025-04-18 00:00:00', 20, 0),
	(32, 'Session Full Stack', '2025-07-11 00:00:00', '2025-07-21 00:00:00', 20, 0),
	(33, 'Session Frontend React', '2024-10-17 00:00:00', '2024-11-07 00:00:00', 20, 0),
	(34, 'Session Python', '2025-06-08 00:00:00', '2025-06-18 00:00:00', 20, 3),
	(35, 'Session API REST', '2024-11-01 00:00:00', '2024-11-15 00:00:00', 20, 0),
	(36, 'Session Kubernetes', '2025-09-19 00:00:00', '2025-10-17 00:00:00', 20, 5),
	(37, 'Session SEO', '2025-01-30 00:00:00', '2025-02-23 00:00:00', 20, 0),
	(38, 'Session Mobile Android', '2025-07-01 00:00:00', '2025-07-24 00:00:00', 20, 0),
	(39, 'Session UI Design', '2024-11-16 00:00:00', '2024-12-16 00:00:00', 20, 0),
	(40, 'Session Cybersécurité', '2025-11-14 00:00:00', '2025-11-24 00:00:00', 20, 2),
	(41, 'Session NoSQL', '2024-12-17 00:00:00', '2025-01-16 00:00:00', 20, 1),
	(42, 'Session Laravel', '2025-11-19 00:00:00', '2025-12-09 00:00:00', 20, 2),
	(43, 'Session Symfony', '2024-07-04 00:00:00', '2024-07-12 00:00:00', 20, 8),
	(1050, 'Test20', '2025-05-05 00:00:00', '2025-05-30 00:00:00', 40, 3),
	(1051, 'Test21', '2025-05-12 00:00:00', '2025-05-21 00:00:00', 10, 3),
	(1052, 'Test24', '2025-05-05 00:00:00', '2025-05-30 00:00:00', 40, 3),
	(1053, 'BAAHAH JGLDIFF', '2004-03-30 00:00:00', '2026-03-30 00:00:00', 50, 10);

-- Listage de la structure de table session-symfony. user
CREATE TABLE IF NOT EXISTS `user` (
  `id` int NOT NULL AUTO_INCREMENT,
  `email` varchar(180) COLLATE utf8mb4_unicode_ci NOT NULL,
  `roles` json NOT NULL,
  `password` varchar(255) COLLATE utf8mb4_unicode_ci NOT NULL,
  `name` varchar(120) COLLATE utf8mb4_unicode_ci NOT NULL,
  `sex` varchar(50) COLLATE utf8mb4_unicode_ci NOT NULL,
  `city` varchar(100) COLLATE utf8mb4_unicode_ci NOT NULL,
  `cp` varchar(50) COLLATE utf8mb4_unicode_ci NOT NULL,
  `adress` varchar(100) COLLATE utf8mb4_unicode_ci NOT NULL,
  `birth` date NOT NULL,
  PRIMARY KEY (`id`),
  UNIQUE KEY `UNIQ_IDENTIFIER_EMAIL` (`email`)
) ENGINE=InnoDB AUTO_INCREMENT=106 DEFAULT CHARSET=utf8mb4 COLLATE=utf8mb4_unicode_ci;

-- Listage des données de la table session-symfony.user : ~17 rows (environ)
INSERT INTO `user` (`id`, `email`, `roles`, `password`, `name`, `sex`, `city`, `cp`, `adress`, `birth`) VALUES
	(1, 'mstrode0@usda.gov', '["FORMATEUR"]', '$2a$04$Is.tgoVsjLg6VBzmBWTtjOWNhmdfmSPd9WxyBOMk.Gi62kAr6H0mi', 'Strode', 'Male', 'Pundong', '65272', 'Suite 20', '2024-10-02'),
	(2, 'amaxwell1@joomla.org', '["FORMATEUR"]', '$2a$04$rXRPP1/Pw7LexVY80bAOLeWRQL2JUh6xNTlNvC9Nw9hEjCzZZvN5m', 'Maxwell', 'Male', 'Kazaure', '64926', 'Apt 459', '1989-04-01'),
	(3, 'dcallear2@exblog.jp', '["FORMATEUR"]', '$2a$04$z6bIYLd5D2R9Q5ecct4u2ehDqHoprAa4n1JCDlEjXQRejwuaj2KgG', 'Callear', 'Female', 'Yenagoa', '52739', 'Apt 1447', '1982-01-24'),
	(4, 'jmeert3@nationalgeographic.com', '["FORMATEUR"]', '$2a$04$iS7TXxPHfjgT6fClz9EoRuK57uyQfu3DjkoDN1oblZIx7Pf0gzg3O', 'Meert', 'Female', 'Ressano Garcia', '53422', '5th Floor', '1971-05-07'),
	(5, 'fherrema4@adobe.com', '["FORMATEUR"]', '$2a$04$SaqSQvCyBcVGnReS1yp4S..dbYzc55V6qVCuPuZGHoWWOQ3s4mUKu', 'Herrema', 'Female', 'Al Mazār', '91290', 'Room 160', '1991-04-03'),
	(6, 'belsmore5@berkeley.edu', '["FORMATEUR"]', '$2a$04$p2xHJwjgGmnTrLjQUKbjhumDoDnNf.o9xbS6dN6Qqyrmd5gmljEmG', 'Elsmore', 'Male', 'Kingsey Falls', '22565', 'Apt 1226', '2013-05-09'),
	(7, 'kgrime6@webmd.com', '["FORMATEUR"]', '$2a$04$NTjvAWjz2legh9Uv7XSlFe8kCZUtD3sZo6NkkvKU4pRUifxJP5SKK', 'Grime', 'Male', 'Rosario', '42861', 'Apt 1137', '1987-06-10'),
	(8, 'cfranklyn7@cloudflare.com', '["FORMATEUR"]', '$2a$04$0KkKFJorADc5NGipPBZJ9exxqsokd7Hk6/XjLgr/gkJiGBPOdFnKW', 'Franklyn', 'Female', 'Varnsdorf', '43497', 'Suite 95', '1976-03-09'),
	(9, 'vgillian8@nymag.com', '["FORMATEUR"]', '$2a$04$z/7EjoHJfCJ.D7xYGqFHn.KUKbuVEMpMuREsGr53KhzINGpfLEayC', 'Gillian', 'Female', 'Sadowie', '88055', 'PO Box 48464', '2005-12-18'),
	(10, 'mblincowe9@storify.com', '["FORMATEUR"]', '$2a$04$MJ9Qq3ZJLTbQ/R02.S6r/eX1owazlpRNf0JfD.nR0AAJZ5LUeHy3.', 'Blincowe', 'Male', 'Shanmei', '44600', '20th Floor', '1993-08-27'),
	(11, 'dwoodhousea@rakuten.co.jp', '["FORMATEUR"]', '$2a$04$xbyGWHQVNkjlfsAAPJ6blOa.ZjXeymVYrxZzkiMMqWt13PeIq0SMK', 'Woodhouse', 'Male', 'Āsmār', '35260', 'Suite 45', '2001-04-08'),
	(12, 'bboolb@indiegogo.com', '["FORMATEUR"]', '$2a$04$rT7qPjI34SMRK//3kTKJBup2cN6Ptqe8eCTGim/m6Hq9lmKFmKCcW', 'Bool', 'Male', 'Alenquer', '19596', 'Suite 78', '2019-11-23'),
	(13, 'hferrerasc@stumbleupon.com', '["FORMATEUR"]', '$2a$04$92Z/a9e9srC7ehUN1Yh9Ku5tXzafSUrTCQyLsfcHmwGMYyaeoakrO', 'Ferreras', 'Male', 'Miskolc', '20816', 'Apt 327', '2010-04-25'),
	(14, 'mszeped@moonfruit.com', '["FORMATEUR"]', '$2a$04$T5yg9wpgtWGd2JaBEpCoWe1GyRX.o8VvL0BIonYn/gwrA2WSg6yw.', 'Szepe', 'Female', 'Rutul', '85578', '16th Floor', '1982-03-16'),
	(15, 'mguthriee@salon.com', '["FORMATEUR"]', '$2a$04$SD4B8X8eDh/C6PbIVr5f3evzzzC2SgCqD4.0FwFkXj1vDwMTNY6xO', 'Guthrie', 'Female', 'Ku‘aydinah', '83232', 'Suite 22', '1978-11-23'),
	(100, 'charles.lindecker@outlook.fr', '["ROLE_ADMIN"]', '$2y$13$2sf12r2fmKu7YzMTsq0H6uOTrl1AvYSBjTO/GgVk.tPHKhR1LJisq', 'LINDECKER Charles', 'Homme', 'BAAHAHA', '68720', 'BAAHH65', '2003-07-28'),
	(101, 'jean.edouard@ratio.gg', '["FORMATEUR"]', '$2y$13$UljnNf1Yr6v3HkGt4zxoxuziE6rAw4wa.RyFBXdNzxDKhtsiT0Z0O', 'Jean EDOUARD', 'Homme', 'aezaezaez', 'aezaezaez', 'aezaezaez', '0001-12-06');

-- Listage de la structure de table session-symfony. user_session
CREATE TABLE IF NOT EXISTS `user_session` (
  `user_id` int NOT NULL,
  `session_id` int NOT NULL,
  PRIMARY KEY (`user_id`,`session_id`),
  KEY `IDX_8849CBDEA76ED395` (`user_id`),
  KEY `IDX_8849CBDE613FECDF` (`session_id`),
  CONSTRAINT `FK_8849CBDE613FECDF` FOREIGN KEY (`session_id`) REFERENCES `session` (`id`) ON DELETE CASCADE,
  CONSTRAINT `FK_8849CBDEA76ED395` FOREIGN KEY (`user_id`) REFERENCES `user` (`id`) ON DELETE CASCADE
) ENGINE=InnoDB DEFAULT CHARSET=utf8mb4 COLLATE=utf8mb4_unicode_ci;

-- Listage des données de la table session-symfony.user_session : ~36 rows (environ)
INSERT INTO `user_session` (`user_id`, `session_id`) VALUES
	(1, 1),
	(1, 2),
	(1, 3),
	(2, 4),
	(2, 5),
	(2, 6),
	(3, 26),
	(3, 27),
	(3, 28),
	(4, 18),
	(4, 19),
	(4, 20),
	(4, 21),
	(5, 11),
	(5, 12),
	(5, 13),
	(5, 14),
	(6, 7),
	(6, 8),
	(6, 9),
	(6, 10),
	(7, 29),
	(7, 30),
	(7, 31),
	(7, 32),
	(10, 15),
	(10, 16),
	(10, 17),
	(13, 22),
	(13, 23),
	(14, 24),
	(14, 25),
	(15, 33),
	(15, 34),
	(100, 1053),
	(101, 1052);

/*!40103 SET TIME_ZONE=IFNULL(@OLD_TIME_ZONE, 'system') */;
/*!40101 SET SQL_MODE=IFNULL(@OLD_SQL_MODE, '') */;
/*!40014 SET FOREIGN_KEY_CHECKS=IFNULL(@OLD_FOREIGN_KEY_CHECKS, 1) */;
/*!40101 SET CHARACTER_SET_CLIENT=@OLD_CHARACTER_SET_CLIENT */;
/*!40111 SET SQL_NOTES=IFNULL(@OLD_SQL_NOTES, 1) */;
